-0.001306,-0.028410,0.838442,-0.005133,0.026908,0.677797,0.734738,-0.322159,-0.073522,0.368023,0.241570,-0.029321,0.055777,0.062023,0.066325,-0.112672,0.426221,-0.183741,0.104474,0.204221,-0.004824,0.012061,-0.016732,0.365527,-0.293639,1.232304,0.222985,-0.105676,0.105725,-0.285809,-0.288418,0.448209,1.154862,-0.059051,-0.077284,-0.110797
-0.008252,-0.043317,0.837533,-0.004270,0.026929,0.679386,0.733274,-0.359684,-0.062332,0.375994,0.279685,-0.024977,0.032301,0.071521,0.065394,-0.111418,0.382019,-0.235292,0.067486,0.199060,-0.002180,0.022621,-0.035022,0.365366,-0.303890,1.231313,0.226612,-0.110137,0.111162,-0.294035,-0.298363,0.447858,1.149652,-0.052907,-0.081420,-0.120799
-0.014153,-0.054135,0.837214,0.000242,0.029931,0.683496,0.729341,-0.404775,-0.051698,0.365679,0.368081,-0.036525,0.023249,0.073544,0.054755,-0.091127,0.355465,-0.268402,0.042700,0.184850,-0.012378,0.040001,-0.057392,0.368079,-0.314679,1.223274,0.220941,-0.108604,0.116527,-0.301440,-0.311750,0.446151,1.132060,-0.051330,-0.078962,-0.126670
-0.021911,-0.070539,0.836704,0.004812,0.031833,0.690381,0.722730,-0.450313,-0.026259,0.357160,0.472153,-0.057487,0.014659,0.071456,0.039564,-0.084488,0.325697,-0.307113,0.015014,0.162855,-0.019969,0.054079,-0.088722,0.371494,-0.322394,1.209180,0.211524,-0.105853,0.117847,-0.308245,-0.318274,0.439546,1.123145,-0.052675,-0.074727,-0.120958
-0.028905,-0.084992,0.836745,0.010426,0.034697,0.695705,0.717414,-0.475465,0.000681,0.338386,0.581314,-0.088673,0.017012,0.066075,0.017864,-0.084510,0.307403,-0.336174,-0.002844,0.142206,-0.031019,0.058927,-0.110197,0.370534,-0.329164,1.195653,0.199747,-0.106878,0.109767,-0.307461,-0.324205,0.435089,1.113789,-0.053217,-0.076896,-0.102666
-0.035670,-0.099419,0.836854,0.014342,0.035804,0.699453,0.713637,-0.465717,0.031591,0.315741,0.662737,-0.117467,0.027573,0.053659,-0.000719,-0.090508,0.301774,-0.354090,-0.013980,0.123062,-0.040296,0.056131,-0.124540,0.370614,-0.338059,1.175183,0.196093,-0.103139,0.106408,-0.295302,-0.323274,0.433879,1.109407,-0.063077,-0.076712,-0.093884
-0.044422,-0.111405,0.837026,0.017438,0.035891,0.703116,0.709955,-0.444137,0.062218,0.289567,0.732456,-0.139662,0.035523,0.044269,-0.019803,-0.094675,0.297444,-0.365955,-0.017634,0.103178,-0.049456,0.048433,-0.132125,0.372240,-0.347150,1.149008,0.195548,-0.103397,0.100227,-0.278108,-0.321001,0.428709,1.108571,-0.075303,-0.077236,-0.082584
-0.051945,-0.121820,0.836997,0.017930,0.036686,0.706142,0.706892,-0.403279,0.084377,0.258312,0.753802,-0.158352,0.041916,0.030810,-0.034451,-0.100249,0.294554,-0.372779,-0.022579,0.083974,-0.054561,0.035617,-0.136780,0.373372,-0.360166,1.126215,0.203214,-0.100687,0.101390,-0.256194,-0.320352,0.425454,1.109713,-0.088951,-0.075835,-0.075108
-0.056720,-0.130358,0.836872,0.017561,0.038122,0.709157,0.703800,-0.354718,0.096240,0.222914,0.756927,-0.173957,0.043558,0.020897,-0.044140,-0.105040,0.284826,-0.375588,-0.021287,0.067445,-0.058379,0.019682,-0.140426,0.374527,-0.373102,1.107648,0.211768,-0.099805,0.101961,-0.227233,-0.318371,0.422351,1.120682,-0.100409,-0.074272,-0.065257
-0.062307,-0.136094,0.836554,0.014582,0.040625,0.711601,0.701257,-0.298604,0.097700,0.190426,0.723478,-0.187779,0.040027,0.010973,-0.052669,-0.110770,0.271200,-0.376754,-0.016759,0.051306,-0.058887,0.001616,-0.138349,0.370335,-0.384578,1.095145,0.215356,-0.104284,0.097107,-0.194750,-0.318225,0.419786,1.128110,-0.103019,-0.076755,-0.050960
-0.066610,-0.142118,0.836199,0.010373,0.041736,0.716005,0.696770,-0.238143,0.101545,0.162599,0.671235,-0.192697,0.032670,0.002564,-0.055834,-0.122726,0.255767,-0.373254,-0.009212,0.033548,-0.054145,-0.012052,-0.138121,0.363103,-0.394459,1.082301,0.223013,-0.106500,0.091189,-0.165042,-0.316366,0.411787,1.143951,-0.111612,-0.076382,-0.039666
-0.072640,-0.147566,0.835905,0.004972,0.041441,0.719868,0.692855,-0.174557,0.099107,0.141045,0.589992,-0.201005,0.026012,-0.006754,-0.057811,-0.135220,0.244508,-0.366324,0.001068,0.016569,-0.046187,-0.024501,-0.135350,0.357600,-0.407165,1.071293,0.228344,-0.111230,0.080473,-0.136698,-0.314451,0.400603,1.172814,-0.113710,-0.074150,-0.027749
-0.079100,-0.153798,0.835738,-0.000659,0.040364,0.723531,0.689110,-0.115682,0.090509,0.119713,0.490012,-0.207697,0.019411,-0.015688,-0.058524,-0.146138,0.231226,-0.354807,0.010444,0.002966,-0.036308,-0.034794,-0.129706,0.351854,-0.418805,1.061246,0.232839,-0.116748,0.069666,-0.110416,-0.314431,0.386248,1.199968,-0.113531,-0.073246,-0.016869
-0.086742,-0.159854,0.835753,-0.006642,0.038892,0.726958,0.685547,-0.064916,0.078081,0.099156,0.388595,-0.229268,0.019935,-0.027550,-0.060463,-0.156608,0.224893,-0.340181,0.020891,-0.006912,-0.025611,-0.041477,-0.123647,0.345078,-0.432573,1.054307,0.238757,-0.120999,0.055955,-0.088807,-0.311380,0.371023,1.234501,-0.112296,-0.070125,-0.008783
-0.094472,-0.168727,0.835878,-0.010526,0.036346,0.730409,0.681961,-0.028428,0.065373,0.080278,0.296100,-0.254773,0.024080,-0.039100,-0.064028,-0.163304,0.219645,-0.324215,0.027659,-0.014172,-0.015245,-0.044431,-0.116300,0.340707,-0.442794,1.042466,0.240065,-0.123164,0.043161,-0.071338,-0.310704,0.351429,1.263320,-0.104772,-0.067224,-0.003897
-0.102486,-0.175440,0.835991,-0.014310,0.033868,0.733282,0.678930,-0.005272,0.058196,0.076154,0.227740,-0.266365,0.023501,-0.050372,-0.068871,-0.170335,0.220507,-0.308533,0.035963,-0.020982,-0.005589,-0.044325,-0.108253,0.339365,-0.449562,1.034428,0.237461,-0.125067,0.029521,-0.058578,-0.310910,0.333176,1.279415,-0.088300,-0.065891,-0.001916
-0.110077,-0.181422,0.836090,-0.017876,0.032218,0.735760,0.676240,0.004086,0.052387,0.077726,0.184560,-0.270231,0.022459,-0.064541,-0.076139,-0.180932,0.228651,-0.295324,0.046968,-0.024531,0.002928,-0.040542,-0.101209,0.340124,-0.453553,1.025809,0.239772,-0.125575,0.015339,-0.050580,-0.312412,0.321878,1.286669,-0.076838,-0.061793,0.004037
-0.115849,-0.187756,0.836198,-0.019801,0.030976,0.737445,0.674405,0.004921,0.047021,0.080373,0.161236,-0.270759,0.022297,-0.080906,-0.084632,-0.190409,0.243711,-0.284565,0.058176,-0.026035,0.008550,-0.034016,-0.095593,0.343772,-0.451636,1.017909,0.233343,-0.126362,0.005280,-0.045789,-0.313421,0.312511,1.284266,-0.061064,-0.059536,0.010224
-0.119134,-0.194710,0.836372,-0.020129,0.029678,0.739319,0.672400,0.000558,0.043333,0.082614,0.151241,-0.269846,0.022566,-0.100974,-0.094014,-0.202830,0.270530,-0.274847,0.067676,-0.024883,0.012142,-0.025446,-0.089900,0.347818,-0.446629,1.013628,0.224765,-0.124330,-0.002553,-0.044214,-0.311760,0.304987,1.277396,-0.041727,-0.056790,0.019260
-0.122582,-0.202973,0.836552,-0.018677,0.026807,0.741303,0.670375,-0.004345,0.039198,0.083407,0.149180,-0.269517,0.024349,-0.119879,-0.103991,-0.209456,0.301402,-0.263193,0.076869,-0.023310,0.014547,-0.016914,-0.084939,0.349683,-0.436203,1.019547,0.216575,-0.123543,-0.001186,-0.044961,-0.308091,0.300038,1.262607,-0.025921,-0.058581,0.021218
-0.125387,-0.207963,0.836778,-0.017655,0.025019,0.741858,0.669857,-0.009332,0.035712,0.083953,0.153985,-0.270225,0.026249,-0.139592,-0.114691,-0.215076,0.335999,-0.251423,0.086918,-0.021159,0.015854,-0.008698,-0.081380,0.348602,-0.420501,1.039919,0.203040,-0.120104,-0.001957,-0.047000,-0.301699,0.295172,1.246043,-0.000602,-0.059784,0.024604
-0.127568,-0.213026,0.836906,-0.016103,0.022426,0.742082,0.669740,-0.016416,0.034097,0.084129,0.167704,-0.273935,0.030856,-0.158387,-0.124496,-0.213122,0.371799,-0.242161,0.095333,-0.018844,0.016167,-0.001033,-0.080828,0.343022,-0.400866,1.072647,0.195805,-0.114319,0.000478,-0.051913,-0.294814,0.295535,1.228529,0.011563,-0.060644,0.027099
-0.128906,-0.216084,0.836736,-0.013840,0.019886,0.742022,0.669938,-0.027569,0.032892,0.079802,0.198535,-0.283129,0.039038,-0.178677,-0.134477,-0.196358,0.420165,-0.242550,0.099100,-0.016289,0.015697,0.006487,-0.081008,0.335503,-0.372840,1.118278,0.186960,-0.106746,0.010060,-0.059555,-0.284515,0.292447,1.223462,0.021851,-0.057709,0.026703
-0.129570,-0.219203,0.835293,-0.011133,0.017168,0.741794,0.670315,-0.044883,0.032940,0.075503,0.244644,-0.302309,0.046480,-0.197538,-0.144425,-0.175719,0.473375,-0.255311,0.100171,-0.013623,0.013756,0.011721,-0.080917,0.332069,-0.341013,1.167889,0.166353,-0.099255,0.017678,-0.067462,-0.280915,0.283578,1.220444,0.043525,-0.055140,0.025171
-0.127821,-0.218902,0.831890,-0.008229,0.017452,0.741541,0.670630,-0.076329,0.032293,0.069716,0.322321,-0.333481,0.054815,-0.221007,-0.152011,-0.147442,0.539594,-0.285007,0.096303,-0.007411,0.010297,0.018490,-0.086317,0.335588,-0.302560,1.226665,0.139052,-0.094176,0.027972,-0.079601,-0.280386,0.269168,1.237604,0.067463,-0.051947,0.020905
-0.125615,-0.219308,0.825312,-0.005936,0.018024,0.742181,0.669931,-0.114997,0.032562,0.063201,0.410313,-0.381132,0.059968,-0.247283,-0.154681,-0.118744,0.610549,-0.333030,0.096784,-0.004189,0.004717,0.025085,-0.090176,0.358224,-0.264810,1.262866,0.103522,-0.091673,0.032642,-0.095131,-0.297006,0.245328,1.251729,0.095826,-0.047858,0.015054
-0.123695,-0.218221,0.815598,-0.003863,0.018045,0.742455,0.669642,-0.157313,0.033900,0.055842,0.514415,-0.446084,0.071249,-0.272019,-0.154326,-0.096501,0.685168,-0.406868,0.096727,0.001850,0.001128,0.030432,-0.102904,0.398012,-0.223628,1.305135,0.082805,-0.087728,0.035723,-0.113529,-0.329484,0.213016,1.289410,0.099500,-0.045748,0.009796
-0.120703,-0.221856,0.804034,0.001123,0.015408,0.740800,0.671548,-0.190206,0.039109,0.056867,0.606063,-0.517621,0.077923,-0.296456,-0.158734,-0.094895,0.760262,-0.484974,0.090034,0.005533,-0.002706,0.035237,-0.119035,0.465933,-0.178072,1.331170,0.055388,-0.080712,0.028204,-0.132413,-0.389410,0.161972,1.316449,0.121048,-0.034388,0.014038
-0.118400,-0.227678,0.794100,0.006748,0.010655,0.739814,0.672693,-0.208219,0.044554,0.056993,0.666940,-0.579475,0.082903,-0.305769,-0.162767,-0.100526,0.803934,-0.553304,0.079564,0.007945,-0.004629,0.039135,-0.132341,0.561065,-0.132043,1.349342,0.040840,-0.080927,0.008258,-0.159726,-0.486987,0.099214,1.348395,0.134681,-0.027301,0.017275
-0.115331,-0.227945,0.791341,0.007529,0.011412,0.739533,0.672981,-0.215046,0.050488,0.061722,0.681440,-0.593528,0.077922,-0.304283,-0.164045,-0.108923,0.804304,-0.585482,0.068615,0.008934,-0.004263,0.030237,-0.141066,0.676859,-0.094015,1.369579,0.055514,-0.081440,-0.011774,-0.187855,-0.617482,0.042894,1.385104,0.108832,-0.022099,0.022741
-0.118070,-0.223549,0.799164,0.002571,0.014100,0.738740,0.673838,-0.205717,0.053287,0.068527,0.645566,-0.538880,0.041361,-0.288645,-0.165233,-0.118736,0.756848,-0.540015,0.084358,0.010045,-0.002805,0.011948,-0.135082,0.802433,-0.048023,1.379885,0.063863,-0.081772,-0.020428,-0.206446,-0.770046,-0.021170,1.405944,0.094070,-0.025863,0.012711
-0.118501,-0.211483,0.817207,-0.005974,0.023059,0.736855,0.675631,-0.180723,0.050498,0.054502,0.558059,-0.398078,-0.021692,-0.258571,-0.157906,-0.114946,0.660586,-0.425253,0.114297,0.013497,-0.002735,-0.019279,-0.126161,0.921395,-0.016348,1.389615,0.084536,-0.080975,-0.051301,-0.215845,-0.920636,-0.066823,1.414079,0.074626,-0.031173,0.038528
-0.116471,-0.206603,0.842880,-0.011858,0.035208,0.737173,0.674682,-0.149888,0.063180,0.056332,0.451029,-0.229943,-0.069618,-0.216423,-0.158182,-0.097456,0.524355,-0.252696,0.165184,0.009894,-0.005791,-0.055204,-0.116673,1.029081,0.017231,1.389911,0.095410,-0.084160,-0.070930,-0.216741,-1.065078,-0.104519,1.427381,0.030697,-0.035818,0.051393
-0.113972,-0.202829,0.868587,-0.013498,0.040875,0.736672,0.674879,-0.127269,0.093558,0.080155,0.345712,-0.023564,-0.109524,-0.184052,-0.187823,-0.113691,0.408629,0.003599,0.179215,0.012235,-0.005946,-0.085319,-0.109674,1.122370,0.056567,1.388513,0.077562,-0.087647,-0.045371,-0.209357,-1.199702,-0.149357,1.443796,-0.000015,-0.041256,0.027155
-0.111189,-0.200445,0.887794,-0.013351,0.038809,0.733921,0.677994,-0.109464,0.112583,0.051471,0.278732,0.138419,-0.170472,-0.171038,-0.188461,-0.074870,0.335310,0.152243,0.199111,0.014378,-0.001659,-0.103823,-0.110227,1.210643,0.082450,1.390234,0.069314,-0.096315,-0.017299,-0.209800,-1.317910,-0.192523,1.455226,-0.020524,-0.052539,-0.005689
-0.109021,-0.198996,0.898259,-0.013503,0.040018,0.731383,0.680658,-0.102775,0.139520,0.038536,0.261171,0.191295,-0.194352,-0.166878,-0.209428,-0.058647,0.317037,0.175038,0.200214,0.017356,-0.006817,-0.115164,-0.121311,1.295749,0.104497,1.392828,0.076224,-0.095058,0.016758,-0.219815,-1.426244,-0.234751,1.467499,-0.025013,-0.046712,-0.037224
-0.108178,-0.196437,0.898741,-0.013411,0.042183,0.731287,0.680632,-0.104725,0.164067,0.029094,0.269105,0.202689,-0.213710,-0.164763,-0.235406,-0.053093,0.325750,0.163776,0.199554,0.019437,-0.011708,-0.125209,-0.146276,1.376422,0.114539,1.371594,0.080829,-0.103060,0.038242,-0.240956,-1.522602,-0.260657,1.456807,-0.023549,-0.051969,-0.061880
-0.107911,-0.193867,0.891064,-0.011664,0.046128,0.730734,0.681002,-0.105361,0.185028,0.006741,0.290571,0.189225,-0.217415,-0.166211,-0.257672,-0.037121,0.351438,0.135168,0.196951,0.021905,-0.018961,-0.129435,-0.190832,1.439903,0.107298,1.341057,0.088796,-0.105693,0.068880,-0.274236,-1.592609,-0.268191,1.438558,-0.015944,-0.053694,-0.094795
-0.108019,-0.192311,0.877365,-0.009242,0.047683,0.729355,0.682409,-0.108412,0.198671,-0.016280,0.335318,0.161137,-0.210229,-0.167321,-0.273173,-0.003488,0.385846,0.095305,0.202759,0.025038,-0.031244,-0.123375,-0.252791,1.493504,0.075611,1.293393,0.079648,-0.112697,0.092255,-0.320654,-1.639628,-0.255388,1.401254,0.005505,-0.060836,-0.128409
-0.109254,-0.191535,0.857239,-0.004757,0.047851,0.728461,0.683398,-0.113169,0.207801,-0.038921,0.400817,0.085126,-0.188551,-0.177563,-0.291000,0.014324,0.450569,-0.015581,0.196595,0.030511,-0.040414,-0.108015,-0.330514,1.540356,0.040237,1.238370,0.073767,-0.118611,0.117428,-0.381649,-1.675567,-0.238807,1.357094,0.031689,-0.065965,-0.167145
-0.110993,-0.191774,0.831441,0.001419,0.047675,0.726986,0.684993,-0.141265,0.224751,-0.037862,0.539212,-0.146103,-0.131860,-0.213070,-0.323916,-0.001266,0.586105,-0.262973,0.172751,0.031921,-0.048668,-0.078169,-0.429889,1.581238,-0.012999,1.206488,0.072772,-0.127275,0.143127,-0.462932,-1.700082,-0.213429,1.331488,0.055861,-0.073641,-0.216757
-0.112131,-0.193367,0.807827,0.008752,0.046219,0.726403,0.685657,-0.180540,0.247600,-0.010379,0.663071,-0.337780,-0.088071,-0.258431,-0.362707,-0.030314,0.703591,-0.431943,0.144028,0.030607,-0.051968,-0.061146,-0.519448,1.599432,-0.077413,1.195502,0.094881,-0.135879,0.164326,-0.538464,-1.705306,-0.174897,1.327688,0.063535,-0.079586,-0.209053
-0.109136,-0.193601,0.797851,0.009605,0.047176,0.727736,0.684165,-0.192622,0.260336,0.001964,0.694924,-0.411924,-0.066256,-0.282245,-0.366405,-0.023709,0.754117,-0.495240,0.127614,0.021617,-0.052254,-0.063023,-0.567708,1.587375,-0.136024,1.195845,0.092731,-0.140415,0.168088,-0.581656,-1.694249,-0.128613,1.334036,0.064889,-0.085972,-0.189372
-0.108999,-0.188223,0.808119,0.006287,0.051447,0.728618,0.682957,-0.177379,0.258058,0.019157,0.645953,-0.344812,-0.063558,-0.276169,-0.361984,-0.023693,0.724532,-0.411378,0.127262,0.015524,-0.052595,-0.079085,-0.570030,1.541074,-0.180171,1.216006,0.083952,-0.130686,0.159879,-0.591068,-1.658838,-0.074683,1.364064,0.072220,-0.085919,-0.161870
-0.108383,-0.185084,0.833603,0.003283,0.054138,0.732280,0.678840,-0.138823,0.243586,0.040670,0.525504,-0.189802,-0.065670,-0.237653,-0.341093,-0.015739,0.615944,-0.211480,0.142534,0.007049,-0.053941,-0.104645,-0.505817,1.458815,-0.179988,1.250793,0.072494,-0.119702,0.136390,-0.550201,-1.601701,-0.035554,1.405083,0.062769,-0.078758,-0.136882
-0.107719,-0.182215,0.864549,-0.001259,0.051676,0.734962,0.676135,-0.093186,0.210230,0.027203,0.365859,0.048965,-0.125692,-0.193038,-0.302706,-0.022338,0.471731,0.044084,0.164454,-0.001189,-0.036432,-0.126970,-0.356173,1.344688,-0.112730,1.282089,0.076753,-0.108360,0.091103,-0.441960,-1.515743,-0.039452,1.433635,0.020312,-0.065524,-0.084457
-0.106808,-0.182185,0.889802,-0.007253,0.049053,0.736827,0.674261,-0.074120,0.177987,0.019096,0.289822,0.168118,-0.168985,-0.173577,-0.250060,-0.027423,0.395830,0.162386,0.194608,-0.008909,-0.022542,-0.125941,-0.245096,1.218536,-0.073982,1.281633,0.080935,-0.109958,0.056277,-0.338951,-1.399667,-0.053514,1.428211,-0.022300,-0.069662,-0.043087
-0.105439,-0.184123,0.906258,-0.008817,0.047615,0.737971,0.673092,-0.067798,0.139467,0.014042,0.252489,0.212836,-0.181408,-0.158791,-0.204826,-0.033458,0.333454,0.224565,0.198229,-0.010870,-0.012751,-0.119207,-0.185097,1.078081,-0.078606,1.274527,0.081616,-0.111057,0.031087,-0.267830,-1.262302,-0.041562,1.403884,-0.049920,-0.078148,-0.011127
-0.103238,-0.187432,0.915616,-0.007298,0.046446,0.738880,0.672195,-0.067262,0.094485,0.031889,0.247954,0.211663,-0.182859,-0.137141,-0.164710,-0.047453,0.281473,0.239105,0.190069,-0.008665,-0.008949,-0.110018,-0.154065,0.920290,-0.096363,1.264779,0.058580,-0.115704,0.011012,-0.232513,-1.107651,-0.015495,1.387344,-0.028327,-0.077271,0.026269
-0.101632,-0.190657,0.916259,-0.005525,0.046546,0.740070,0.670895,-0.067289,0.046617,0.041544,0.252710,0.188774,-0.163679,-0.123537,-0.123968,-0.068327,0.258320,0.206328,0.173517,-0.008578,-0.005526,-0.096005,-0.132006,0.768786,-0.133675,1.246141,0.039877,-0.111278,-0.022653,-0.208261,-0.942239,0.023275,1.371916,-0.000406,-0.071182,0.049768
-0.100865,-0.192522,0.908350,-0.004598,0.044876,0.742697,0.668106,-0.076569,0.008320,0.045656,0.285644,0.137466,-0.124785,-0.121194,-0.089328,-0.073612,0.275388,0.142872,0.163131,-0.010228,-0.005917,-0.076710,-0.112096,0.619085,-0.173663,1.232085,0.011353,-0.096739,-0.049639,-0.193187,-0.772593,0.071073,1.345656,0.041132,-0.058164,0.062182
-0.100656,-0.194690,0.892897,-0.004652,0.042126,0.745299,0.665382,-0.093906,-0.014827,0.064378,0.331316,0.083675,-0.068123,-0.131822,-0.064990,-0.087969,0.328452,0.079168,0.145185,-0.012425,-0.002382,-0.058993,-0.100268,0.467775,-0.215604,1.216857,0.010905,-0.083730,-0.065969,-0.174449,-0.591128,0.120455,1.305778,0.085090,-0.054746,0.062089
-0.100741,-0.196978,0.868701,-0.007588,0.038524,0.747189,0.663450,-0.114841,-0.019062,0.087079,0.420254,-0.049149,0.009199,-0.160919,-0.064059,-0.118627,0.439393,-0.076248,0.098140,-0.007735,-0.003232,-0.038791,-0.100793,0.336756,-0.240173,1.212349,0.031459,-0.071910,-0.061935,-0.154053,-0.423127,0.168347,1.270622,0.109901,-0.045547,0.064786
-0.100361,-0.199833,0.841491,-0.009211,0.031571,0.747658,0.663269,-0.151024,-0.009647,0.099574,0.565831,-0.279604,0.081967,-0.203174,-0.059813,-0.129098,0.596825,-0.334127,0.032964,-0.006381,0.001201,-0.012310,-0.114300,0.243618,-0.265543,1.254200,0.074123,-0.052061,-0.053565,-0.158165,-0.285800,0.200795,1.286469,0.151446,-0.016467,0.080994
-0.091075,-0.204372,0.824171,-0.004031,0.027755,0.749510,0.661398,-0.179603,0.011352,0.116881,0.661682,-0.408993,0.116922,-0.226847,-0.053550,-0.139451,0.675853,-0.455572,-0.000560,-0.018120,0.006746,-0.002362,-0.114762,0.222164,-0.281412,1.284420,0.117458,-0.042042,-0.047886,-0.167132,-0.229121,0.226717,1.337795,0.126426,-0.010539,0.079702
-0.086843,-0.207082,0.821079,-0.000879,0.028305,0.749121,0.661828,-0.172869,0.013238,0.122108,0.648131,-0.431443,0.126124,-0.219462,-0.050772,-0.136989,0.659742,-0.488414,-0.012749,-0.017534,0.003408,-0.011048,-0.106583,0.289823,-0.232056,1.324509,0.094825,-0.038411,-0.033585,-0.157705,-0.275576,0.211849,1.377890,0.081143,-0.003899,0.066768
-0.083159,-0.206766,0.833909,0.000221,0.032395,0.747524,0.663444,-0.137987,0.006393,0.115780,0.543058,-0.315621,0.078570,-0.183273,-0.046984,-0.124437,0.556276,-0.392130,0.026238,-0.020469,-0.002325,-0.037289,-0.109213,0.418510,-0.165943,1.370756,0.046900,-0.046521,-0.053243,-0.149224,-0.391894,0.134273,1.434035,0.090210,0.008024,0.082022
-0.082443,-0.203606,0.856233,-0.004317,0.035808,0.747408,0.663385,-0.106709,0.004742,0.095494,0.428386,-0.130800,-0.008872,-0.140203,-0.053655,-0.107440,0.428032,-0.162129,0.116969,-0.021040,-0.009604,-0.071191,-0.110744,0.584655,-0.098783,1.393907,0.043380,-0.062078,-0.054124,-0.141009,-0.558489,0.032386,1.482316,0.063828,-0.000605,0.064302
-0.082198,-0.200360,0.877383,-0.007901,0.037945,0.744217,0.666812,-0.092037,0.021375,0.073723,0.340810,0.022986,-0.088376,-0.125968,-0.087562,-0.114929,0.343717,0.035646,0.156446,-0.015464,-0.008184,-0.099465,-0.120179,0.761317,-0.043581,1.400839,0.048897,-0.076481,-0.065670,-0.153996,-0.757556,-0.049835,1.519157,0.027577,-0.012612,0.059903
-0.081352,-0.198468,0.889062,-0.011431,0.038237,0.741291,0.669996,-0.081308,0.040678,0.037400,0.275655,0.131209,-0.156542,-0.127544,-0.100715,-0.079901,0.295694,0.156240,0.189660,-0.011341,-0.001327,-0.116148,-0.133868,0.924418,0.001435,1.389232,0.038370,-0.090944,-0.050806,-0.172797,-0.971228,-0.128643,1.524529,0.026054,-0.029996,0.043473
-0.080922,-0.198824,0.890200,-0.014650,0.037749,0.737926,0.673666,-0.082340,0.081095,0.034557,0.257404,0.173736,-0.193133,-0.137029,-0.136428,-0.078511,0.287552,0.177604,0.187898,-0.005690,0.007109,-0.126628,-0.161424,1.090039,0.020018,1.362956,0.046053,-0.097608,-0.048838,-0.203985,-1.176433,-0.171965,1.511374,0.016471,-0.035801,0.037677
-0.081170,-0.198929,0.881521,-0.016506,0.039892,0.734216,0.677542,-0.085691,0.121407,0.022916,0.261249,0.180850,-0.208295,-0.152130,-0.183928,-0.091396,0.313447,0.155140,0.188930,0.001174,0.005342,-0.133568,-0.228044,1.269175,0.009555,1.334523,0.053218,-0.104317,-0.018811,-0.268860,-1.364372,-0.183901,1.473325,0.025333,-0.040938,0.001211
-0.081558,-0.200564,0.866093,-0.018242,0.042120,0.731746,0.680030,-0.092163,0.158051,0.025643,0.281448,0.195916,-0.220632,-0.170470,-0.224631,-0.095051,0.347444,0.130664,0.185769,0.002566,0.000623,-0.132472,-0.326562,1.431387,-0.022754,1.301027,0.054692,-0.101577,-0.000919,-0.364842,-1.525956,-0.164255,1.424211,0.038689,-0.043105,-0.024254
-0.082579,-0.203216,0.843702,-0.013477,0.043337,0.730564,0.681334,-0.107191,0.181419,0.013728,0.323912,0.164321,-0.206902,-0.191988,-0.250788,-0.063438,0.403135,0.072361,0.184653,0.006020,-0.013900,-0.118550,-0.519460,1.572679,-0.124834,1.251210,0.032462,-0.101035,0.039418,-0.537332,-1.663196,-0.089173,1.356953,0.071575,-0.050432,-0.080867
-0.084314,-0.206557,0.816443,-0.009691,0.044588,0.729580,0.682372,-0.133083,0.201649,0.008817,0.402567,0.037215,-0.162136,-0.215076,-0.282345,-0.053212,0.475491,-0.064015,0.167327,0.011095,-0.025346,-0.085999,-0.743939,1.690866,-0.241945,1.184656,0.032194,-0.106209,0.107357,-0.704279,-1.772017,-0.033608,1.285175,0.090640,-0.054524,-0.162658
-0.086270,-0.210472,0.788253,-0.002330,0.044401,0.728145,0.683980,-0.177258,0.225093,0.021621,0.545369,-0.212671,-0.106885,-0.258379,-0.324735,-0.070750,0.605354,-0.294730,0.141147,0.017719,-0.027891,-0.040744,-0.888303,1.774631,-0.276939,1.101234,0.065477,-0.122073,0.176723,-0.777890,-1.861089,-0.063233,1.207033,0.083083,-0.067809,-0.232768
-0.087536,-0.214041,0.766648,0.007243,0.037941,0.728998,0.683425,-0.225148,0.247262,0.041058,0.673143,-0.360719,-0.077736,-0.308312,-0.352606,-0.072831,0.729862,-0.415963,0.116809,0.023048,-0.019260,-0.001788,-0.988742,1.803819,-0.299808,1.026311,0.100751,-0.135637,0.221110,-0.779112,-1.920349,-0.140065,1.144684,0.103023,-0.085324,-0.246711
-0.085803,-0.216029,0.758890,0.006284,0.039174,0.728812,0.683564,-0.242111,0.259039,0.054680,0.700768,-0.416200,-0.054204,-0.335956,-0.350515,-0.059726,0.767682,-0.457453,0.099316,0.068580,0.014984,-0.008629,-1.277786,1.689289,-0.570551,1.070313,0.115543,-0.133004,0.264517,-0.478289,-2.028247,-0.421329,1.190520,0.122117,-0.089505,-0.227421
-0.083687,-0.206892,0.771383,0.002390,0.045820,0.727418,0.684659,-0.214695,0.258504,0.086905,0.630825,-0.321963,-0.046630,-0.312744,-0.340443,-0.063851,0.699969,-0.367610,0.091773,0.084040,-0.008500,-0.046859,-1.569104,1.571744,-0.945276,1.222162,0.090627,-0.133391,0.257675,-0.151658,-1.997873,-0.656638,1.297151,0.099514,-0.098783,-0.212079
-0.082247,-0.203027,0.799750,-0.001554,0.049842,0.728808,0.682899,-0.165894,0.209311,0.087732,0.499068,-0.133138,-0.071921,-0.256948,-0.306788,-0.049992,0.552957,-0.139463,0.120557,0.071258,-0.051203,-0.073552,-1.474080,1.551306,-0.957423,1.296213,0.073010,-0.128264,0.184990,-0.086835,-1.846826,-0.620745,1.322679,0.043137,-0.094877,-0.171745
-0.080863,-0.198359,0.832349,-0.004134,0.046553,0.731443,0.680300,-0.110020,0.159116,0.070128,0.356939,0.118771,-0.136206,-0.199478,-0.268807,-0.064951,0.408017,0.095907,0.137314,0.044182,-0.053868,-0.113529,-0.995286,1.503011,-0.627469,1.355879,0.094655,-0.119461,0.083495,-0.304382,-1.665221,-0.266348,1.372620,-0.039941,-0.074609,-0.104507
-0.080054,-0.196023,0.855515,-0.009442,0.045006,0.733944,0.677652,-0.089825,0.122127,0.059668,0.305690,0.183216,-0.160272,-0.174246,-0.228417,-0.086820,0.344064,0.167693,0.145057,0.022718,-0.026489,-0.126863,-0.571460,1.383452,-0.302951,1.369748,0.108707,-0.119508,0.052461,-0.368644,-1.523088,-0.106098,1.432630,-0.080908,-0.067568,-0.074323
-0.078439,-0.195608,0.868711,-0.008877,0.046008,0.735589,0.675806,-0.085155,0.078824,0.048170,0.295412,0.200157,-0.169113,-0.150935,-0.181310,-0.084095,0.295025,0.203474,0.164708,0.010646,-0.008327,-0.119967,-0.337328,1.218189,-0.149326,1.365085,0.110425,-0.122652,0.028552,-0.322910,-1.361502,-0.062734,1.454674,-0.097884,-0.076746,-0.046281
-0.077276,-0.196564,0.874572,-0.008358,0.046699,0.737172,0.674038,-0.085210,0.037830,0.042484,0.306005,0.181724,-0.161455,-0.132133,-0.141447,-0.092886,0.282230,0.174668,0.159676,0.005453,0.000939,-0.113887,-0.212453,1.041544,-0.094838,1.347735,0.102363,-0.117328,0.013606,-0.269572,-1.184343,-0.041985,1.465381,-0.081206,-0.071493,-0.021707
-0.077031,-0.197153,0.871311,-0.008404,0.048344,0.738668,0.672281,-0.081785,0.000776,0.049405,0.320008,0.141634,-0.135534,-0.119865,-0.110402,-0.111549,0.292810,0.120501,0.152764,0.006141,0.000546,-0.104400,-0.143895,0.874034,-0.089785,1.347912,0.071411,-0.109300,-0.034253,-0.217696,-0.990765,-0.022063,1.471157,-0.040357,-0.062751,0.021346
-0.076747,-0.198833,0.859166,-0.009516,0.049025,0.740379,0.670332,-0.087107,-0.014339,0.070758,0.357764,0.061381,-0.083557,-0.117309,-0.087131,-0.123484,0.325366,0.034422,0.141037,0.005092,-0.001286,-0.090603,-0.102370,0.714445,-0.093882,1.348178,0.029139,-0.091988,-0.054385,-0.188756,-0.800253,0.018593,1.459053,-0.001283,-0.052724,0.026906
-0.077068,-0.201728,0.839326,-0.008800,0.043457,0.741782,0.669174,-0.096999,-0.018499,0.083386,0.416838,-0.038207,-0.022788,-0.128342,-0.069923,-0.126102,0.398034,-0.078498,0.110521,0.002416,-0.003584,-0.073978,-0.076616,0.554969,-0.109067,1.330877,0.002430,-0.080224,-0.048905,-0.164501,-0.606389,0.059774,1.416086,0.049905,-0.052650,0.022000
-0.077206,-0.205085,0.812852,-0.009101,0.039406,0.743148,0.667904,-0.117635,-0.021597,0.085605,0.505162,-0.176881,0.042319,-0.161640,-0.060039,-0.123189,0.515592,-0.234340,0.062650,0.002710,-0.003097,-0.045345,-0.070263,0.411130,-0.139546,1.312681,0.015079,-0.067348,-0.029399,-0.145507,-0.430003,0.125761,1.382838,0.064880,-0.038506,0.022015
-0.076898,-0.209087,0.786057,-0.008820,0.033587,0.743596,0.667727,-0.157668,-0.015366,0.097840,0.636987,-0.362533,0.104864,-0.207833,-0.052792,-0.120631,0.652623,-0.431891,0.014394,0.002154,-0.001991,-0.020449,-0.077577,0.290936,-0.162270,1.318560,0.042420,-0.049464,-0.013005,-0.147277,-0.291642,0.169075,1.363280,0.092900,-0.023611,0.026341
-0.073801,-0.217272,0.771124,-0.006744,0.030307,0.743680,0.667814,-0.193423,0.001793,0.122978,0.725003,-0.469937,0.137998,-0.234455,-0.051119,-0.132565,0.714970,-0.539215,-0.022764,-0.007337,0.002571,-0.005321,-0.081388,0.215001,-0.200301,1.325263,0.075011,-0.035587,-0.016004,-0.154260,-0.213164,0.215679,1.375673,0.085293,-0.018605,0.041915
-0.072665,-0.216765,0.772498,-0.007201,0.033526,0.740490,0.671192,-0.187125,0.000306,0.129923,0.700409,-0.459281,0.138339,-0.228068,-0.048657,-0.124135,0.685374,-0.540646,-0.024828,-0.007161,-0.000331,-0.010630,-0.082850,0.224394,-0.205087,1.348287,0.072724,-0.029904,-0.022133,-0.153884,-0.223499,0.227061,1.393870,0.053710,-0.011017,0.045778
-0.071800,-0.216734,0.790606,-0.007892,0.036988,0.737449,0.674343,-0.154305,-0.007947,0.124535,0.589516,-0.305126,0.088959,-0.188278,-0.046277,-0.116696,0.565782,-0.401909,0.021308,-0.005027,-0.004433,-0.034749,-0.079844,0.286241,-0.184345,1.389837,0.058547,-0.033114,-0.032815,-0.140890,-0.286971,0.191457,1.430320,0.049635,0.001803,0.053809
-0.071599,-0.212466,0.816034,-0.005040,0.039865,0.734282,0.677655,-0.112181,-0.017645,0.093686,0.442416,-0.064540,-0.016024,-0.138431,-0.056438,-0.107985,0.421208,-0.109351,0.114928,-0.001971,-0.008641,-0.063475,-0.077640,0.394018,-0.156775,1.406046,0.061004,-0.049782,-0.069489,-0.126090,-0.409059,0.121465,1.469211,0.022422,0.006292,0.077679
-0.070970,-0.208929,0.838229,-0.007778,0.037705,0.733763,0.678314,-0.089407,-0.001124,0.064333,0.353028,0.051025,-0.088455,-0.121052,-0.063012,-0.073942,0.338280,0.036466,0.160125,-0.006624,-0.006501,-0.077556,-0.077746,0.511519,-0.114230,1.411169,0.073824,-0.064929,-0.078976,-0.126427,-0.542931,0.046945,1.498786,-0.020050,-0.003769,0.071079
-0.069996,-0.205783,0.851934,-0.011266,0.035751,0.734719,0.677335,-0.076825,0.027836,0.041890,0.296968,0.114891,-0.141874,-0.120850,-0.074755,-0.040600,0.306628,0.113637,0.183128,-0.013316,0.004533,-0.086300,-0.079448,0.641204,-0.074783,1.405259,0.060151,-0.081872,-0.082225,-0.141339,-0.710738,-0.016117,1.523755,-0.040963,-0.017283,0.069248
-0.069580,-0.203700,0.855828,-0.015801,0.036815,0.732834,0.679227,-0.071667,0.065915,0.024261,0.270141,0.142235,-0.175893,-0.129701,-0.107660,-0.026675,0.300177,0.144303,0.190759,-0.014694,0.010245,-0.100034,-0.088650,0.783340,-0.037226,1.395341,0.069953,-0.092508,-0.067333,-0.152561,-0.884405,-0.074994,1.535851,-0.062568,-0.029190,0.058789
-0.069726,-0.202175,0.850106,-0.019431,0.037439,0.731262,0.680791,-0.072535,0.108252,0.018062,0.267127,0.146402,-0.194377,-0.147942,-0.150205,-0.031264,0.335271,0.130693,0.190267,-0.014407,0.012034,-0.110641,-0.100819,0.920489,-0.019449,1.370969,0.093109,-0.100624,-0.057290,-0.170115,-1.056666,-0.116105,1.513745,-0.079774,-0.031275,0.054006
-0.070328,-0.202215,0.837713,-0.023161,0.041358,0.728207,0.683716,-0.076160,0.147106,0.003806,0.278033,0.148203,-0.206280,-0.165267,-0.194743,-0.039247,0.371392,0.101291,0.190068,-0.008505,0.010379,-0.122331,-0.130128,1.071851,-0.011523,1.345125,0.119969,-0.098717,-0.037056,-0.207667,-1.222216,-0.141595,1.495102,-0.087230,-0.026048,0.033393
-0.071421,-0.203328,0.819509,-0.022182,0.042236,0.724611,0.687505,-0.079420,0.178223,-0.027815,0.301595,0.141793,-0.219184,-0.188045,-0.225658,-0.019105,0.415538,0.074664,0.196336,-0.007665,0.004898,-0.114950,-0.186722,1.226935,-0.013896,1.312573,0.113926,-0.095247,-0.017507,-0.281755,-1.378157,-0.147535,1.465668,-0.060633,-0.030181,0.004578
-0.072255,-0.204197,0.795325,-0.017609,0.044359,0.723727,0.688435,-0.082591,0.205272,-0.036712,0.330239,0.091822,-0.207362,-0.196543,-0.257366,-0.005217,0.454156,-0.001713,0.193459,-0.003623,-0.006730,-0.103106,-0.269868,1.369174,-0.028632,1.280708,0.110571,-0.095729,0.017843,-0.377284,-1.513949,-0.140238,1.434272,-0.030605,-0.034928,-0.041284
-0.072396,-0.204955,0.767695,-0.009776,0.046353,0.722768,0.689465,-0.108871,0.230190,-0.024572,0.425264,-0.115414,-0.145220,-0.219925,-0.296717,-0.008712,0.549273,-0.212343,0.167750,0.000609,-0.024859,-0.069087,-0.407118,1.497856,-0.084206,1.243009,0.130110,-0.094378,0.059538,-0.512544,-1.624331,-0.099244,1.393512,-0.019932,-0.036143,-0.101205
-0.071215,-0.205584,0.742486,-0.002320,0.044899,0.720864,0.691616,-0.160313,0.256626,-0.001017,0.571427,-0.319586,-0.108443,-0.266620,-0.334046,-0.034113,0.683942,-0.425057,0.144788,0.006597,-0.041844,-0.033648,-0.550593,1.600977,-0.156703,1.201396,0.153301,-0.108692,0.125981,-0.638645,-1.694698,-0.049904,1.345259,-0.007477,-0.048701,-0.169906
-0.069206,-0.218423,0.727589,0.004983,0.039086,0.721707,0.691077,-0.194821,0.274744,0.016173,0.653575,-0.421937,-0.087852,-0.300501,-0.342485,-0.027050,0.765363,-0.523430,0.126294,0.000395,-0.049380,-0.020313,-0.673075,1.638295,-0.234244,1.170168,0.167754,-0.115990,0.183453,-0.743372,-1.715019,0.013413,1.311032,0.001615,-0.063968,-0.223283
-0.063162,-0.212347,0.725504,0.003844,0.041800,0.720924,0.691742,-0.194485,0.286725,0.024551,0.659180,-0.418945,-0.078122,-0.302568,-0.336929,-0.029359,0.778766,-0.549557,0.116335,-0.005808,-0.051756,-0.027697,-0.717060,1.615303,-0.277239,1.175581,0.166305,-0.104063,0.218343,-0.783253,-1.679867,0.070853,1.311513,-0.003141,-0.061087,-0.237657
-0.057292,-0.200364,0.737345,0.000281,0.045671,0.720423,0.692030,-0.165797,0.293335,0.043114,0.599777,-0.319994,-0.073665,-0.268202,-0.326229,-0.050723,0.719332,-0.486778,0.107687,-0.006114,-0.049434,-0.049691,-0.657355,1.528759,-0.256076,1.231049,0.146617,-0.098182,0.207038,-0.740615,-1.594840,0.097425,1.351168,-0.015070,-0.058021,-0.221513
-0.052414,-0.193330,0.756140,-0.002858,0.045490,0.720226,0.692241,-0.126284,0.290301,0.053146,0.515395,-0.189711,-0.079549,-0.208341,-0.299157,-0.062294,0.610713,-0.374931,0.102842,-0.011864,-0.041072,-0.070400,-0.429134,1.425137,-0.091234,1.250762,0.135575,-0.093686,0.171665,-0.566603,-1.484308,0.009001,1.358878,-0.022268,-0.051984,-0.187687
-0.047438,-0.185898,0.773810,-0.011719,0.051372,0.717338,0.694730,-0.108925,0.273039,0.048455,0.459301,-0.053652,-0.096636,-0.168329,-0.272056,-0.069068,0.509239,-0.258891,0.109030,-0.007812,-0.036601,-0.097780,-0.254392,1.306042,0.004087,1.263972,0.132941,-0.093090,0.123792,-0.404036,-1.364757,-0.060436,1.369736,-0.051344,-0.049412,-0.135001
-0.042467,-0.179235,0.787364,-0.013968,0.058186,0.713356,0.698242,-0.110875,0.261431,0.049308,0.459443,-0.027036,-0.098669,-0.147224,-0.263471,-0.079776,0.468901,-0.207822,0.117314,0.004366,-0.041417,-0.102017,-0.196458,1.226841,0.026158,1.255002,0.149964,-0.092047,0.104980,-0.339761,-1.282613,-0.060524,1.363073,-0.089866,-0.051729,-0.091794
-0.036952,-0.172429,0.797913,-0.012491,0.059803,0.711333,0.700195,-0.128981,0.243320,0.050071,0.503475,-0.029248,-0.099940,-0.121135,-0.246497,-0.067208,0.439373,-0.180888,0.120314,0.017149,-0.045212,-0.090733,-0.141281,1.108641,0.026886,1.238396,0.142699,-0.092783,0.074281,-0.280884,-1.155197,-0.038180,1.361752,-0.105343,-0.053580,-0.052299
-0.031073,-0.165258,0.804564,-0.009830,0.064822,0.711484,0.699637,-0.169018,0.222172,0.055837,0.586854,-0.070124,-0.078857,-0.098296,-0.240820,-0.063305,0.419848,-0.198522,0.117341,0.035931,-0.050779,-0.072672,-0.101322,0.975721,0.005662,1.213004,0.137412,-0.095242,0.056887,-0.232097,-1.004999,-0.016837,1.352571,-0.080290,-0.053485,-0.026018
-0.018686,-0.161139,0.806746,-0.004286,0.069825,0.711528,0.699167,-0.225215,0.201087,0.082276,0.685590,-0.132841,-0.047234,-0.075492,-0.236025,-0.061267,0.394963,-0.226763,0.120459,0.054118,-0.056942,-0.052779,-0.063738,0.833621,-0.012947,1.175342,0.107701,-0.104826,0.049611,-0.196049,-0.846060,0.011984,1.335209,-0.037614,-0.056289,-0.004252
-0.008676,-0.156763,0.805590,-0.000022,0.070676,0.710997,0.699634,-0.284937,0.166956,0.093186,0.737216,-0.178039,-0.022632,-0.046484,-0.225587,-0.056175,0.364709,-0.259780,0.112795,0.077589,-0.053141,-0.030197,-0.038059,0.685972,-0.054540,1.149842,0.079174,-0.110483,0.046388,-0.173192,-0.688415,0.046903,1.320137,0.019218,-0.050304,-0.000444
-0.000582,-0.151851,0.803371,0.004478,0.069450,0.709113,0.701652,-0.350379,0.129061,0.096604,0.752397,-0.197534,-0.001701,-0.016350,-0.214245,-0.044816,0.338017,-0.292756,0.104045,0.107505,-0.048048,-0.010788,-0.020469,0.542973,-0.105802,1.140436,0.061119,-0.116414,0.048579,-0.163085,-0.537860,0.090234,1.313600,0.077087,-0.047760,0.004199
0.003948,-0.143105,0.800525,0.003222,0.066302,0.707215,0.703875,-0.404420,0.104859,0.111430,0.709023,-0.178780,0.002669,0.014752,-0.198215,-0.046987,0.307367,-0.312018,0.098576,0.130414,-0.034266,0.001273,-0.004282,0.413846,-0.149884,1.145887,0.049017,-0.115875,0.024992,-0.161073,-0.403812,0.140460,1.298318,0.134523,-0.044589,0.023702
0.002423,-0.128966,0.797565,-0.001785,0.057423,0.704076,0.707797,-0.459373,0.097264,0.144826,0.628584,-0.158058,0.000561,0.049174,-0.175862,-0.049578,0.291587,-0.318093,0.092064,0.148323,-0.015747,0.015106,0.012403,0.307225,-0.195247,1.168892,0.056561,-0.103943,-0.016350,-0.157998,-0.272279,0.185960,1.277181,0.218199,-0.048351,0.041154
-0.000604,-0.111263,0.794836,-0.008781,0.049541,0.699289,0.713066,-0.492768,0.102786,0.174319,0.503417,-0.137985,-0.013217,0.083988,-0.153195,-0.041048,0.270867,-0.310686,0.091844,0.168380,0.007069,0.023530,0.032712,0.265404,-0.205395,1.168004,0.045840,-0.092915,-0.042186,-0.161945,-0.208329,0.224391,1.245342,0.274306,-0.052796,0.056815
-0.002215,-0.094510,0.791850,-0.015023,0.041279,0.694764,0.717895,-0.505831,0.116556,0.205055,0.367242,-0.098781,-0.027876,0.121953,-0.131273,-0.040557,0.244630,-0.301887,0.088062,0.180073,0.027470,0.029554,0.058618,0.278983,-0.188885,1.163672,0.026401,-0.090216,-0.050204,-0.165656,-0.202133,0.254576,1.204652,0.295172,-0.057508,0.063014
-0.003474,-0.074124,0.789313,-0.021730,0.039140,0.689813,0.722602,-0.511721,0.128716,0.233669,0.287112,-0.066846,-0.035901,0.154407,-0.118983,-0.036323,0.218330,-0.287289,0.092798,0.194622,0.035585,0.027113,0.075718,0.324402,-0.168727,1.173788,0.008933,-0.088774,-0.048219,-0.173812,-0.229782,0.279430,1.173468,0.285440,-0.063986,0.068699
-0.007438,-0.052105,0.786621,-0.030121,0.036724,0.682145,0.729673,-0.504423,0.143518,0.261264,0.237354,-0.036506,-0.035575,0.177532,-0.107667,-0.011933,0.202970,-0.257848,0.108684,0.199539,0.036144,0.011978,0.087813,0.399961,-0.131650,1.198504,-0.009191,-0.086409,-0.050595,-0.197191,-0.284281,0.296226,1.135427,0.266309,-0.064944,0.070026
-0.009854,-0.027651,0.783874,-0.036706,0.038197,0.678526,0.732663,-0.494421,0.147893,0.291609,0.226290,-0.024478,-0.023425,0.196973,-0.101850,0.018768,0.200503,-0.227866,0.120940,0.204789,0.029001,-0.007752,0.077922,0.481477,-0.108049,1.233136,0.005677,-0.088267,-0.051854,-0.227468,-0.347530,0.304355,1.134611,0.209480,-0.068329,0.078300
-0.017772,0.000962,0.781729,-0.043750,0.042832,0.674464,0.735764,-0.490194,0.146746,0.305020,0.256884,-0.027938,-0.005556,0.207316,-0.107977,0.057557,0.213323,-0.184730,0.138989,0.207115,0.012530,-0.028767,0.068673,0.556132,-0.072938,1.263504,0.012701,-0.093008,-0.045876,-0.252970,-0.401160,0.288164,1.141974,0.178547,-0.072732,0.073624
-0.022305,0.022330,0.780449,-0.048471,0.046829,0.673660,0.735962,-0.479045,0.136362,0.297653,0.289494,-0.070925,0.025100,0.205320,-0.108107,0.109805,0.249474,-0.145327,0.171094,0.202152,-0.004369,-0.049111,0.051521,0.623459,-0.041739,1.288147,0.016337,-0.096009,-0.030296,-0.272166,-0.448171,0.264750,1.163809,0.158192,-0.071729,0.066279
-0.026888,0.044234,0.780502,-0.051328,0.050001,0.673483,0.735721,-0.472528,0.124741,0.278383,0.330673,-0.121797,0.052739,0.194194,-0.119246,0.125946,0.306512,-0.084002,0.195829,0.196697,-0.022815,-0.063888,0.030009,0.681216,-0.017897,1.300133,0.017343,-0.104135,-0.015653,-0.283370,-0.489069,0.239628,1.187927,0.143662,-0.067494,0.053906
-0.026272,0.063440,0.781553,-0.051694,0.050639,0.676890,0.732518,-0.459370,0.117791,0.259815,0.357104,-0.158134,0.067688,0.169402,-0.126912,0.121776,0.378795,-0.034280,0.210879,0.189430,-0.030725,-0.071534,0.000889,0.725686,-0.021001,1.305246,0.031446,-0.113703,-0.003635,-0.289945,-0.521148,0.220530,1.218488,0.139601,-0.066821,0.033464
-0.024774,0.080479,0.782997,-0.050354,0.049220,0.678115,0.731575,-0.433246,0.113476,0.242468,0.363818,-0.185413,0.073091,0.139459,-0.138048,0.104436,0.428773,-0.002701,0.223408,0.184898,-0.037871,-0.073757,-0.031553,0.753443,-0.031247,1.306185,0.025634,-0.123712,0.008672,-0.298092,-0.551169,0.208870,1.244278,0.138646,-0.063930,0.019864
